Model,Accuracy,CV Accuracy,Training Time (s)
Logistic Regression,0.7915384615384615,0.7839159324794551,0.4998328685760498
Decision Tree,0.79,0.7721731324498408,0.4504561424255371
Random Forest,0.8553846153846154,0.8391382246242689,4.800585985183716
Gradient Boosting,0.8076923076923077,0.8033490042200342,29.009843826293945
SVC,0.7984615384615384,0.7921879395868808,7.78013801574707
KNN,0.8023076923076923,0.7904577256237506,0.11216092109680176
