Model,Accuracy,CV Accuracy,Training Time (s)
Logistic Regression,0.7915384615384615,0.7839159324794551,0.6975760459899902
Decision Tree,0.79,0.7721731324498408,0.46002817153930664
Random Forest,0.8553846153846154,0.8391382246242689,4.77021598815918
Gradient Boosting,0.8076923076923077,0.8033490042200342,29.237818002700806
SVC,0.7984615384615384,0.7921879395868808,7.59210205078125
KNN,0.8023076923076923,0.7904577256237506,0.10379481315612793
