Model,Accuracy,CV Accuracy,Training Time (s)
Logistic Regression,0.85,0.8373866421568626,0.06227993965148926
Decision Tree,0.828125,0.8037561274509804,0.1073911190032959
Random Forest,0.878125,0.867092524509804,1.1007981300354004
Gradient Boosting,0.86875,0.8514552696078432,7.655632734298706
SVC,0.85625,0.8444117647058823,0.4474480152130127
KNN,0.821875,0.82875,0.03518223762512207
