Model,Accuracy,CV Accuracy,Training Time (s)
Logistic Regression,0.85,0.8373866421568626,0.0652320384979248
Decision Tree,0.828125,0.8037561274509804,0.11007523536682129
Random Forest,0.878125,0.867092524509804,1.0877578258514404
Gradient Boosting,0.86875,0.8514552696078432,7.613201141357422
SVC,0.85625,0.8444117647058823,0.4441099166870117
KNN,0.821875,0.82875,0.033540964126586914
