Model,Accuracy,CV Accuracy,Training Time (s)
Logistic Regression,0.7714285714285715,0.7715654077723043,0.43109607696533203
Decision Tree,0.7887755102040817,0.7603324471551073,0.31490206718444824
Random Forest,0.8438775510204082,0.8323064091536997,3.444694757461548
Gradient Boosting,0.7928571428571428,0.7912154325331665,20.810057878494263
SVC,0.7948979591836735,0.7820294784580499,3.880293130874634
KNN,0.8,0.7797280214767899,0.08608484268188477
